"JobTitle","TotalPay_sum"
"Transit Operator",455307629.70999485
"Registered Nurse",432257422.4199997
"Firefighter",344135136.75000006
"Police Officer 3",326609582.89000064
"Deputy Sheriff",212076327.0399999
"Sergeant 3",172390387.85000005
"Police Officer 2",155818920.99000004
"Attorney (Civil/Criminal)",155344570.2200001
"TRANSIT OPERATOR",147441415.61000028
"Special Nurse",145547731.49999982
